{
  "annotations": {
    "list": [
      {
        "builtIn": 1,
        "datasource": {
          "type": "datasource",
          "uid": "grafana"
        },
        "enable": true,
        "hide": true,
        "iconColor": "rgba(0, 211, 255, 1)",
        "name": "Annotations & Alerts",
        "target": {
          "limit": 100,
          "matchAny": false,
          "tags": [],
          "type": "dashboard"
        },
        "type": "dashboard"
      }
    ]
  },
  "description": "Logs collected from Kubernetes, stored in Loki",
  "editable": true,
  "fiscalYearStartMonth": 0,
  "gnetId": 15141,
  "graphTooltip": 0,
  "id": 32,
  "links": [],
  "liveNow": false,
  "panels": [
    {
      "datasource": {
        "type": "loki",
        "uid": "eebbf5f5-0add-492f-a14b-a478f928b3b9"
      },
      "description": "",
      "fieldConfig": {
        "defaults": {
          "color": {
            "mode": "palette-classic"
          },
          "custom": {
            "axisCenteredZero": false,
            "axisColorMode": "text",
            "axisLabel": "",
            "axisPlacement": "auto",
            "barAlignment": 0,
            "drawStyle": "bars",
            "fillOpacity": 0,
            "gradientMode": "none",
            "hideFrom": {
              "legend": false,
              "tooltip": false,
              "viz": false
            },
            "insertNulls": false,
            "lineInterpolation": "linear",
            "lineWidth": 1,
            "pointSize": 5,
            "scaleDistribution": {
              "type": "linear"
            },
            "showPoints": "auto",
            "spanNulls": false,
            "stacking": {
              "group": "A",
              "mode": "none"
            },
            "thresholdsStyle": {
              "mode": "off"
            }
          },
          "mappings": [],
          "thresholds": {
            "mode": "absolute",
            "steps": [
              {
                "color": "green",
                "value": null
              },
              {
                "color": "red",
                "value": 80
              }
            ]
          }
        },
        "overrides": []
      },
      "gridPos": {
        "h": 4,
        "w": 24,
        "x": 0,
        "y": 0
      },
      "id": 4,
      "options": {
        "legend": {
          "calcs": [],
          "displayMode": "list",
          "placement": "bottom",
          "showLegend": false
        },
        "tooltip": {
          "mode": "single",
          "sort": "none"
        }
      },
      "targets": [
        {
          "datasource": {
            "type": "loki",
            "uid": "eebbf5f5-0add-492f-a14b-a478f928b3b9"
          },
          "editorMode": "code",
          "expr": "sum(count_over_time({namespace=~\"$namespace\", stream=~\"$stream\", container =~\"$container\"} |= \"$query\" [$__interval]))",
          "queryType": "range",
          "refId": "A"
        }
      ],
      "type": "timeseries"
    },
    {
      "datasource": {
        "type": "loki",
        "uid": "eebbf5f5-0add-492f-a14b-a478f928b3b9"
      },
      "description": "Logs from services running in Kubernetes",
      "gridPos": {
        "h": 25,
        "w": 24,
        "x": 0,
        "y": 4
      },
      "id": 2,
      "options": {
        "dedupStrategy": "none",
        "enableLogDetails": true,
        "prettifyLogMessage": false,
        "showCommonLabels": false,
        "showLabels": false,
        "showTime": false,
        "sortOrder": "Descending",
        "wrapLogMessage": false
      },
      "targets": [
        {
          "datasource": {
            "type": "loki",
            "uid": "eebbf5f5-0add-492f-a14b-a478f928b3b9"
          },
          "expr": "{namespace=~\"$namespace\", stream=~\"$stream\", container=~\"$container\"}",
          "queryType": "range",
          "refId": "A"
        }
      ],
      "type": "logs"
    }
  ],
  "refresh": "",
  "schemaVersion": 38,
  "style": "dark",
  "tags": [],
  "templating": {
    "list": [
      {
        "current": {
          "selected": false,
          "text": "",
          "value": ""
        },
        "description": "String to search for",
        "hide": 0,
        "label": "Search Query",
        "name": "query",
        "options": [
          {
            "selected": true,
            "text": "",
            "value": ""
          }
        ],
        "query": "",
        "skipUrlSync": false,
        "type": "textbox"
      },
      {
        "allValue": ".+",
        "current": {
          "selected": true,
          "text": [
            "All"
          ],
          "value": [
            "$__all"
          ]
        },
        "datasource": {
          "type": "loki",
          "uid": "eebbf5f5-0add-492f-a14b-a478f928b3b9"
        },
        "definition": "",
        "hide": 0,
        "includeAll": true,
        "multi": true,
        "name": "namespace",
        "options": [],
        "query": {
          "label": "namespace",
          "refId": "LokiVariableQueryEditor-VariableQuery",
          "stream": "",
          "type": 1
        },
        "refresh": 1,
        "regex": "",
        "skipUrlSync": false,
        "sort": 0,
        "type": "query"
      },
      {
        "allValue": ".+",
        "current": {
          "selected": false,
          "text": "All",
          "value": "$__all"
        },
        "datasource": {
          "type": "loki",
          "uid": "eebbf5f5-0add-492f-a14b-a478f928b3b9"
        },
        "definition": "label_values(stream)",
        "hide": 0,
        "includeAll": true,
        "multi": true,
        "name": "stream",
        "options": [],
        "query": "label_values(stream)",
        "refresh": 1,
        "regex": "",
        "skipUrlSync": false,
        "sort": 0,
        "type": "query"
      },
      {
        "allValue": ".+",
        "current": {
          "selected": false,
          "text": "All",
          "value": "$__all"
        },
        "datasource": {
          "type": "loki",
          "uid": "eebbf5f5-0add-492f-a14b-a478f928b3b9"
        },
        "definition": "label_values(container)",
        "hide": 0,
        "includeAll": true,
        "multi": true,
        "name": "container",
        "options": [],
        "query": "label_values(container)",
        "refresh": 1,
        "regex": "",
        "skipUrlSync": false,
        "sort": 0,
        "type": "query"
      }
    ]
  },
  "time": {
    "from": "now-6h",
    "to": "now"
  },
  "timepicker": {},
  "timezone": "",
  "title": "04 - Loki Kubernetes Logs",
  "uid": "o6-BGgnnk",
  "version": 3,
  "weekStart": ""
}